Cargo;Ciudad;Empresa;Fecha_publicacion;Permanencia;Horario
DESARROLLADOR REACT;Quito;LOGIC STUDIO S.A.;Hace 17 horas;Permanente;Tiempo completo
DESARROLLADOR JR l FUTURO TALENTO TI;Quito;Banco Pichincha;Hace 22 horas;Permanente;Tiempo completo
DESARROLLADOR JR l FUTURO TALENTO TI;Ecuador;Banco Pichincha;Hace 21 horas;Permanente;Tiempo completo
Desarrollador FrontEnd Aplicaciones empresariales;Quito;Experteam Cia. Ltda.;Hace 21 horas;Permanente;Tiempo completo
Desarrollador Full Stack;Guayaquil;VIAMATICA S.A.;Hace 2 días;Permanente;Tiempo completo
Desarrollador Backend;Guayaquil;VIAMATICA S.A.;Hace 2 días;Permanente;Tiempo completo
Desarrollador RPA Semi Senior;Quito;SOAINT;Hace 3 días;Permanente;Tiempo completo
Desarrollador BPM Senior;Quito;SOAINT;Hace 3 días;Permanente;Tiempo completo
Desarrollador Full Stack Junior;Quito;SOAINT;Hace 6 días;Permanente;Tiempo completo
Desarrollador .Net Junior;Quito;SOAINT;Hace 6 días;Permanente;Tiempo completo
Desarrollador de Negocios;Quito;CATEONCOOK CIA.LTDA;Hace 7 días;Permanente;Tiempo completo
Desarrolladora de Negocios Guayaquil;Nobol;KUBIEC;Hace 7 días;Permanente;Tiempo completo
Desarrollador de Cobertura UIO;Quito;Pica Plasticos Industriales;Hace 9 días;Permanente;Tiempo completo
Desarrollador de Cobertura CUENCA;Cuenca;Pica Plasticos Industriales;Hace 9 días;Permanente;Tiempo completo
Desarrollador de Software .Net Senior;Quito;BGR;Hace 9 días;Permanente;Tiempo completo
Desarrollador de Software .Net Senior;Quito;Banco General Rumiñahui;Hace 9 días;Permanente;Tiempo completo
Desarrollador de Software .Net Senior;Quito;BGR;Hace 9 días;Permanente;Tiempo completo
Desarrollador de Software .Net Senior;Quito;Banco General Rumiñahui;Hace 9 días;Permanente;Tiempo completo
Consultor/ Desarrollador Oracle;Guayaquil;SOAINT;Hace 10 días;Permanente;Tiempo completo
Desarrollador iOS;Quito;Bayteq;Hace 10 días;Permanente;Tiempo completo
Programador/desarrollador Front y Back;Guayaquil;VIAMATICA S.A.;Hace 14 días;Permanente;Tiempo completo
Web Developer Jr. Desarrollador web para Manta;Manta;Agencia Publitek;Hace 5 días;Permanente;Tiempo completo
Desarrollador con experiencia;Quito;Emagic;Hace 5 días;Permanente;Tiempo completo
DESARROLLADOR JUNIOR PARA LA CIUDAD DE QUITO - PRESENCIAL;Quito;INSTITUTO TECNOLOGICO SUPERIOR QUITO METROPOLITANO;Hace 18 días;Permanente;Tiempo completo
Desarrollador de Software: Android, Java, Kotlin y Sql Server;Quito;Reservado;Hace 7 días;Permanente;Tiempo completo
Desarrollador de Negocios Pedernales;Pedernales;Cervecería Nacional;Hace 7 días;Permanente;Tiempo completo
DESARROLLADOR DE SOFTWARE JR - QUITO;Quito;Manpower;"Hace 1 mes
        Postúlese fácilmente";Permanente;Tiempo completo
DESARROLLADOR WEB JAVA;Quito;"";Hace 7 días;Permanente;Tiempo completo
Desarrollador front end ReactJS;Quito;Daniel Loza;Hace 8 días;Permanente;Tiempo completo
Desarrollador Front End ReactJS/NextJS;Quito;Daniel Loza;Hace 8 días;Permanente;Tiempo completo
Desarrollador Front End ReactJS;Quito;DATHA PLUS;Hace 8 días;800 USD al mes;Permanente
DESARROLLADOR JUNIOR QUITO;Quito;Pronaca;Hace 9 días;Permanente;Tiempo completo
Desarrollador de Software .Net Senior;Quito;Banco General Ruminahui;Hace 9 días;Permanente;Tiempo completo
DESARROLLADOR DE APLICACIONES;Cuenca;GRUPO CONSENSO;Hace 9 días;Permanente;Tiempo completo
Desarrollador Frontend;Quito;Bayteq;Hace 29 días;Permanente;Tiempo completo
Desarrollador web senior;Guayaquil;NEOPINDEC C.A.;Hace 30 días;Permanente;Tiempo completo
Desarrollador Senior de Software reactjs, netcore, C, SQL;Quito;NEXTI BUSINESS SOLUTIONS;Hace 10 días;Permanente;Tiempo completo
DESARROLLADOR FULL-STACK | MANTA;Manta;ZURIDIST CIA. LTDA.;Hace 10 días;Permanente;Tiempo completo
Desarrollador Full Stack;Guayaquil;VIAMATICA S.A.;Hace 1 mes;Permanente;Tiempo completo
Desarrollador iOS;Quito;Bayteq;Hace 1 mes;Permanente;Tiempo completo
DESARROLLADOR DE SOFTWARE;Quito;Coris del Ecuador;Hace 1 mes;Permanente;Tiempo completo
Desarrollador Angular;Guayaquil;VIAMATICA S.A.;Hace 1 mes;Permanente;Tiempo completo
DESARROLLADOR RPA;Quito;Banco Pichincha;Hace 1 mes;Permanente;Tiempo completo
DESARROLLADOR RPA;Quito;Banco Pichincha;Hace 1 mes;Permanente;Tiempo completo
DESARROLLADOR/A DE MERCHANDISING;Quito;Moderna Alimentos S.A;Hace 1 mes;Permanente;Tiempo completo
Desarrollador Java 11 + springboot;Guayaquil;VIAMATICA S.A.;Hace 1 mes;Permanente;Tiempo completo
DESARROLLADOR JAVA;Quito;LOGIC STUDIO S.A.;Hace 1 mes;Permanente;Tiempo completo
Desarrollador de Negocios San Lorenzo;San Lorenzo;Cervecería Nacional;Hace 11 días;Permanente;Tiempo completo
DESARROLLADOR WEB;Guayaquil;Songa;Hace 1 mes;Permanente;Tiempo completo
DESARROLLADOR FULLSTACK JR - NODEJS Y REACT (TÉCNICO DE COMUNICACIONES UNIFICADAS) - GUAYAQUIL;Guayaquil;Netlife;Hace 1 mes;Permanente;Tiempo completo
DESARROLLADOR SR (OPENSHIFT - KUBERNETES - APIS);Quito;Banco Pichincha;Hace 1 mes;Permanente;Tiempo completo
DESARROLLADOR FULLSTACK JR - NODEJS Y REACT (TÉCNICO DE COMUNICACIONES UNIFICADAS) - GUAYAQUIL;Guayaquil;Netlife;Hace 1 mes;Permanente;Tiempo completo
DESARROLLADOR SQL JUNIOR;Quito;"";Hace 11 días;Permanente;Tiempo completo
Programador/desarrollador Front y Back;Guayaquil;"";Hace 11 días;Permanente;Tiempo completo
Desarrollador web freelance;Guayaquil;Cl Publicidad;Hace 12 días;Autónomo;Tiempo completo
Desarrollador programador Software Administrativo contable;Quito;Wanqara;Hace 12 días;Permanente;Tiempo completo
Desarrollador BackEnd semi-Senior;Guayaquil;VIAMATICA S.A.;Hace 1 mes;Permanente;Tiempo completo
DESARROLLADOR .NET SENIOR;Guayaquil;VIAMATICA S.A.;Hace 1 mes;Permanente;Tiempo completo
Desarrollador .Net;Guayaquil;GENERACOM S.A.;Hace 13 días;Permanente;Tiempo completo
DESARROLLADOR PARA LA CIUDAD DE QUITO;Quito;INSTITUTO TECNOLOGICO SUPERIOR QUITO METROPOLITANO;Hace 2 meses;700-800 USD al mes;Permanente
DESARROLLADOR ORACLE FORMS;Cuenca;CORPORACION JARRIN HERRERA CIA. LTDA.;Hace 2 meses;Permanente;Tiempo completo
Desarrollador de Negocio Agrícola Experiencia comercial captación de proveedores;Santo Domingo de los Colorados;"";Hace 13 días;Permanente;Tiempo completo
QUITO - DESARROLLADOR DE CANAL CONSUMO MASIVO;Quito;PROMOLUCKY S.A.;Hace 2 meses;Permanente;Tiempo completo
MACHALA - DESARROLLADOR DE CANAL CONSUMO MASIVO;Machala;PROMOLUCKY S.A.;Hace 2 meses;Permanente;Tiempo completo
Desarrollador Temporal (6 meses);Guayas;Corporacion Lanec;Hace 1 mes;Permanente;Tiempo completo
DESARROLLADOR FULLSTACK;Ambato;AMBACAR;Hace 15 días;Permanente;Tiempo completo
Desarrollador BackEnd semi-Senior;Guayaquil;VIAMATICA S.A.;Hace 2 meses;Permanente;Tiempo completo
DESARROLLADOR JUNIOR;Cuenca;CORPORACION JARRIN HERRERA CIA. LTDA.;Hace 2 meses;Permanente;Tiempo completo
Desarrollador Front End;Quito;LOGIC STUDIO S.A.;Hace 2 meses;Permanente;Tiempo completo
Desarrollador de Software .NET - copia;Guayaquil;VIAMATICA S.A.;Hace 2 meses;Permanente;Tiempo completo
DESARROLLADOR JAVA;Quito;LOGIC STUDIO S.A.;Hace 2 meses;Permanente;Tiempo completo
Desarrollador de Canal TAT;Quito;Corporacion Superior S.A.;Hace 2 meses;Permanente;Tiempo completo
Desarrollador de Software .NET;Guayaquil;VIAMATICA S.A.;Hace 2 meses;Permanente;Tiempo completo
Desarrollador de Software .NET;Guayaquil;VIAMATICA S.A.;Hace 2 meses;Permanente;Tiempo completo
Desarrollador de Negocios de Energía (BES);Guayaquil;Interagua;Hace 2 meses;Permanente;Tiempo completo
Desarrollador Front End;Quito;LOGIC STUDIO S.A.;Hace 2 meses;Permanente;Tiempo completo
Desarrollador en React Native y Nodejs;Guayaquil;VIAMATICA S.A.;Hace 2 meses;Permanente;Tiempo completo
Desarrollador de Software;Guayaquil;VIAMATICA S.A.;Hace 2 meses;Permanente;Tiempo completo
DESARROLLADOR JAVASCRIPT;Quito;LOGIC STUDIO S.A.;Hace 2 meses;Permanente;Tiempo completo
Desarrollador Full Stack;Quito;LOGIC STUDIO S.A.;Hace 2 meses;Permanente;Tiempo completo
DESARROLLADOR DE SOFTWARE;Quito;Coris del Ecuador;Hace 2 meses;Permanente;Tiempo completo
Desarrollador de Sofware Quito Presencial;Quito;Easysoft S. A.;Hace 16 días;Permanente;Tiempo completo
Desarrollador Full Stack;Ecuador;Multitrabajos Staffing;Hace 1 mes;Permanente;Tiempo completo
DESARROLLADOR COMERCIAL -SANTO DOMINGO;Santo Domingo de los Colorados;JABONERIA WILSON;Hace 18 días;Permanente;Tiempo completo
DESARROLLADOR DE CUENTAS A NIVEL NACIONAL;Ecuador;Holcim;Hace 2 meses;Permanente;Tiempo completo
Desarrollador APP Android Senior;Guayaquil;APS;Hace 21 días;Permanente;Tiempo completo
Desarrollador Web .Net;Quito;Stratus Solutions, S.A;Hace 22 días;Permanente;Tiempo completo
Desarrollador Software - Quito Presencial;Quito;EASYSOFT;Hace 22 días;Permanente;Tiempo completo
DESARROLLADOR WEB FULL STACK;Quito;ARCORPORATION;Hace 25 días;500-600 USD al mes;Permanente
Desarrollador de software Quito Presencial;Quito;Easysoft S. A.;Hace 22 días;Permanente;Tiempo completo
Desarrollador programador Presencial, con experiencia;Guayaquil;Only Control S.A,;Hace 22 días;Permanente;Tiempo completo
Desarrollador de Negocios Ibarra;Ibarra;Cervecería Nacional;Hace 23 días;Permanente;Tiempo completo
Desarrollador de Negocios Quevedo;Quevedo;Cervecería Nacional;Hace 23 días;Permanente;Tiempo completo
Desarrollador de Negocios Santo Domingo;Santo Domingo de los Colorados;Cervecería Nacional;Hace 23 días;Permanente;Tiempo completo
Desarrollador de Negocios Esmeraldas/San Lorenzo;Esmeraldas;Cervecería Nacional;Hace 23 días;Permanente;Tiempo completo
Desarrollador de Negocios Guayaquil Eventual;Guayaquil;Cervecería Nacional;Hace 23 días;Permanente;Tiempo completo
Desarrollador de Negocios PortoViejo;Portoviejo;Cervecería Nacional;Hace 23 días;Permanente;Tiempo completo
Desarrollador de Negocios Quito;Quito;Cervecería Nacional;Hace 23 días;Permanente;Tiempo completo
Desarrollador de Negocios Otavalo;Otavalo;Cervecería Nacional;Hace 23 días;Permanente;Tiempo completo
Desarrollador de Software FrontEnd (React Native);Azuay;ExcellentSoft Techology;Hace 21 días;Permanente;Tiempo completo
Desarrollador .Net;Quito;Stratus Solutions, S.A;Hace 23 días;Permanente;Tiempo completo
Desarrollador Web Python;Quito;Universidad Metropolitana;Hace 23 días;Permanente;Tiempo completo
Desarrollador de software Experiencia comprobada;Guayaquil;PARRAGA NEIRA FREDDY RAFAEL;Hace 24 días;Permanente;Tiempo completo
Channel Developer Desarrolladora de Canales Comerciales;Quito;GOLDEN COMUNICACIONES CIA. LTDA.;Hace 29 días;600-1.200 USD al mes;Permanente
Desarrolladores de Tecnología;Quito;Human;Hace 2 meses;Permanente;Tiempo completo
Desarrollador Xamarin Para trabajo remoto, con experiencia;Quito;MEGALOGIC PHOENIX LLC;Hace 27 días;Permanente;Tiempo completo
Desarrollador programador;Quito;Intermix;Hace 27 días;Permanente;Tiempo completo
Desarrollador programador Proyecto Api;Quito;Grupo Seiprac;Hace 27 días;Permanente;Tiempo completo
Java developer Desarrollador Java;Quito;Oktana;Hace 27 días;Permanente;Tiempo completo
Analista y desarrollador de software Modalidad Mi Primer Empleo;Quito;SMARTWORK S.A.;Hace 27 días;Temporal;Tiempo completo
Desarrollador python Odoo;Latacunga;SODI CORP S.A.S;Hace 27 días;Permanente;Tiempo completo
Pasante Desarrollador FrontEnd;Quito;Movistar;Hace 28 días;Prácticas;Tiempo completo
Desarrollador Web;Quito;COORPORACION ATERRIZAR GLOBAL EM;Hace 28 días;Permanente;Tiempo completo
DESARROLLADOR SAP ( SENIOR Y JUNIOR) DOS VACANTES;Cuenca;"";Hace 25 días;Permanente;Tiempo completo
Desarrollador Full Stack Spring Boot;Guayaquil;Eclipsoft;Hace 28 días;Permanente;Tiempo completo
Desarrollador .net;Guayaquil;GENERACOM S.A.;Hace 29 días;Permanente;Tiempo completo
DESARROLLADOR DE CANAL;Santo Domingo de los Colorados;Celyasa;Hace 29 días;Permanente;Tiempo completo
Analista y desarrollador de software Desarrollador de Software Semi Junior;Quito;LATINUS E PROFESSIONAL BUSINESS S.A.;Hace 29 días;Permanente;Tiempo completo
Desarrollador Oracle Apex con experiencia;Quito;Universidad Metropolitana;Hace 29 días;Permanente;Tiempo completo
Desarrollador de Sofware Quito Presencial;Quito;Easysoft S. A.;Hace 29 días;Permanente;Tiempo completo
Desarrollador software .NET;Quito;Logic Studio;Hace 29 días;Permanente;Tiempo completo
Desarrollador de Negocios Ing. Comercial Especialista en negocios;Guayaquil;CELINDA JOSEFINA GOMEZ IZAGUIRRE;Hace 29 días;Permanente;Tiempo completo
Desarrollador Web .Net;Quito;Stratus Solutions, S.A;Hace 29 días;Permanente;Tiempo completo
Desarrollador Oracle Quito;Quito;PROASSISMED S.A.;Hace 29 días;Permanente;Tiempo completo
Analista Desarrollador en Python con experiencia en Odoo;Guayaquil;EKUASOFT;Hace 29 días;Permanente;Tiempo completo
Analista y desarrollador de software Guayaquil Presencial;Guayaquil;Easysoft S. A.;Hace 29 días;Permanente;Tiempo completo
Desarrollador Frontend Experiencia en Java y Angular;Ambato;Katuna;Hace 29 días;Permanente;Tiempo completo
Desarrollador Senior Java;Guayaquil;GENERACOM S.A.;Hace 29 días;Permanente;Tiempo completo
Desarrollador de software guayaquil Conocimientos contables;Guayaquil;Digeca S.A.;Hace 29 días;Permanente;Tiempo completo
Desarrollador de Sofware Guayaquil Presencial;Guayaquil;Easysoft S. A.;Hace 30 días;Permanente;Tiempo completo
Analista y desarrollador de software Quito Presencial;Quito;Easysoft S. A.;Hace 30 días;Permanente;Tiempo completo
Desarrollador programador Junior;Cuenca;We Connect;Hace 30 días;Permanente;Tiempo completo
Desarrollador Web .Net;Quito;Stratus Solutions, S.A;Hace 30 días;Permanente;Tiempo completo
Desarrollador C o JAVA;Guayaquil;"";Hace 29 días;Permanente;Tiempo completo
Desarrollador Oracle Form;Guayaquil;"";Hace 30 días;Permanente;Tiempo completo
Desarrollador De Software;Quito;"";Hace 1 día;Temporal;Tiempo completo
Desarrollador Fullstack Jr : Nodejs Y React (Técnico De Comunicaciones Unificadas) : Guayaquil;Guayas;Megadatos Netlife 2022;Hace 3 días;Permanente;Tiempo completo
Desarrollador Fullstack Jr - Nodejs Y React (Técnico De Comunicaciones Unificadas) - Guayaquil;Guayaquil;Megadatos Netlife 2022;Hace 4 días;Permanente;Tiempo completo
Desarrollador De Software: Android, Java, Kotlin Y Sql Server;Ecuador;Reservado;Hace 5 días;Permanente;Tiempo completo
Desarrollador De Software: Android, Java, Kotlin Y Sql Server;Quito;Reservado;Hace 6 días;Permanente;Tiempo completo
Desarrollador Front End Reactjs;Quito;Datha Plus;Hace 8 días;Permanente;Tiempo completo
Desarrollador Front End Reactjs;Ecuador;Datha Plus;Hace 7 días;Permanente;Tiempo completo
Desarrollador De Mercado;Guayas;Digital Hyper Jobs;Hace 9 días;Permanente;Tiempo completo
Desarrollador Full Stack Móvil;Quito;Grupo Ses;Hace 13 días;Permanente;Tiempo completo
Desarrollador Full Stack;Ecuador;Tecnologias Convergentes Voz Y Datos Voxdata S.A;Hace 11 días;Permanente;Tiempo completo
Desarrollador Full Stack Móvil;Quito;Grupo Ses;Hace 14 días;Permanente;Tiempo completo
Desarrollador De Software;Guayas;Digeca S.A;Hace 14 días;Permanente;Tiempo completo
Desarrollador Frondend Jr;Guayas;Aps Ecuador;Hace 15 días;Permanente;Tiempo completo
Desarrollador Frondend Jr;Guayaquil;Aps Ecuador;Hace 17 días;Permanente;Tiempo completo
Desarrollador;Tungurahua;"";Hace 15 días;Permanente;Tiempo completo
Desarrollador Fullstack Sr;Guayaquil;Aps Group;Hace 20 días;Permanente;Tiempo completo
Desarrollador Fullstack Sr;Guayas;Aps Group;Hace 18 días;Permanente;Tiempo completo
Desarrollador De Software : Presencial : Quito;Quito;Easysoft;Hace 20 días;Permanente;Tiempo completo
Desarrollador De Software Guayaquil : Presencial;Guayas;Easysoft;Hace 20 días;Permanente;Tiempo completo
INGENIERO DE DESARROLLO SENIOR;Quito;BGR;Hace 1 día;Permanente;Tiempo completo
INGENIERO DE DESARROLLO SENIOR;Quito;BGR;Hace 1 día;Permanente;Tiempo completo
ARQUITECTO DE DATOS;Quito;Banco Pichincha;Hace 1 día;Permanente;Tiempo completo
ARQUITECTO DE DATOS;Quito;Banco Pichincha;Hace 1 día;Permanente;Tiempo completo
INGENIERO DE DESARROLLO SENIOR;Quito;Banco General Rumiñahui;Hace 1 día;Permanente;Tiempo completo
Auxiliar de Bodega Con experiencia;Quito;KAO Sport;Hace 1 día;Permanente;Tiempo completo
Técnico de Campo Ingeniero Ambiental;Guayaquil;ALS ECUADOR ALSECU S.A.;Hace 1 día;Permanente;Tiempo completo
Programador en SQL, Kotlin, Android con Java;Quito;Nimbussoft;Hace 2 días;Permanente;Tiempo completo
Asesora comercial de tecnología Ejecutivo de cuenta;Quito;ELIXIRSOFTWARE S,A;Hace 2 días;Permanente;Tiempo completo
Senior Software engineer Ingeniero de Software;Quito;Oktana;Hace 2 días;Permanente;Tiempo completo
SOPORTE IT;Quito;LOGINET CIA. LTDA.;Hace 3 días;Permanente;Tiempo completo
Programador Senior;Guayaquil;D´MUJERES S.A.;Hace 4 días;Permanente;Tiempo completo
PASANTE DE BI / QUITO;Quito;Eficacia;Hace 15 días;Permanente;Tiempo completo
PASANTE DE BI / QUITO;Quito;Eficacia;Hace 15 días;Permanente;Tiempo completo
Científico de Datos;Quito;BMI;Hace 24 días;Permanente;Tiempo completo
Ruteador Cobranzas;Guayaquil;Plus Services S.A.;Hace 7 días;Permanente;Tiempo completo
ARQUITECTO SOLUCIONES TI - PYME;Quito;Banco Pichincha;Hace 24 días;Permanente;Tiempo completo
BACKEND DEVELOPER .NET - .NETCORE;Quito;Banco Pichincha;Hace 27 días;Permanente;Tiempo completo
ARQUITECTO SOLUCIONES TI - PYME;Ecuador;Banco Pichincha;Hace 24 días;Permanente;Tiempo completo
Analista de Desarrollo TI;Quito;Productos Paraiso del Ecuador S.A.;Hace 9 días;Permanente;Tiempo completo
DEVELOPER JUNIOR (Python - Cualquier cuidad del Ecuador);Quito;TRESCLOUD CIA LTDA;Hace 10 días;Autónomo;Tiempo completo
BACKEND DEVELOPER .NET - .NETCORE;Ecuador;Banco Pichincha;Hace 28 días;Permanente;Tiempo completo
ARQUITECTO SOLUCIONES - CLOUD;Quito;Banco Pichincha;Hace 1 mes;Permanente;Tiempo completo
Ingeniero de Desarrollo 1;Quito;Cobiscorp Ecuador S.A.;Hace 1 mes;Permanente;Tiempo completo
ARQUITECTO SOLUCIONES - CLOUD;Ecuador;Banco Pichincha;Hace 1 mes;Permanente;Tiempo completo
Ayudante de Cocina;Guayaquil;TARANTO TRAINING CENTER;Hace 13 días;Permanente;Tiempo completo
Cobrador para Ventanas babahoyo que resida en Babahoyo Ventanas;Ventanas;ALMESPANA CIA. LTDA.;Hace 13 días;Permanente;Tiempo completo
Ingeniero de Gestión de Aplicaciones;Guayaquil;Netlife;Hace 2 meses;Permanente;Tiempo completo
Analista de Sistemas;Guayaquil;Netlife;Hace 2 meses;Permanente;Tiempo completo
Ingeniero Calidad de Software;Guayaquil;Netlife;Hace 2 meses;Permanente;Tiempo completo
INGENIERO DE CALIDAD DE SOFTWARE R1;Quito;Netlife;Hace 2 meses;Permanente;Tiempo completo
JAVA DEVELOPER;Quito;Kruger Corporation;Hace 2 meses;Permanente;Tiempo completo
PASANTE DE BI / QUITO;Quito;Eficacia;Hace 16 días;Permanente;Tiempo completo
INGENIERO DE CALIDAD DE SOFTWARE R1;Quito;Netlife;Hace 2 meses;Permanente;Tiempo completo
Técnico de Mantenimiento y Reparación de Equipos de Computo Empresa de Tecnología;Quito;TALENT INNOVATION MANAGEMENT CONSULTING;Hace 20 días;Permanente;Tiempo completo
Analista DBA Sql Server Semi Senior;Guayaquil;GENERACOM S.A.;Hace 21 días;Permanente;Tiempo completo
Ingeniero de Procesos Tecnología;Guayaquil;GENERACOM S.A.;Hace 22 días;Permanente;Tiempo completo
QA engineer;Quito;Easysoft S. A.;Hace 22 días;Permanente;Tiempo completo
Ingeniero de Procesos - Tecnología;Guayaquil;SIPECOM;Hace 23 días;Permanente;Tiempo completo
Agente call center, experiencia en ventas en call center, redes sociales, visitas en frio Habilidades para persuadir y negociar;Quito;Marco Maldonado;Hace 23 días;Permanente;Tiempo completo
Técnico de Reparación y Mantenimiento de Equipos de Computo Empresa de Tecnología Quito;Quito;TALENT INNOVATION MANAGEMENT CONSULTING;Hace 23 días;Permanente;Tiempo completo
Full stack developer;Quito;InSoft;Hace 29 días;1.200-1.600 USD al mes;Permanente
Asesora comercial software Experiencia en Marketing Digital;Quito;Tandicorp;Hace 29 días;700 USD al mes;Permanente
Ingeniero electronica Exp. 1 año;Quito;GRUPO FRACTALIA;Hace 29 días;Permanente;Tiempo completo
Analista de segurIdad informática Especialista Funcional;Quito;LATINUS E PROFESSIONAL BUSINESS S.A.;Hace 29 días;Permanente;Tiempo completo
Ingeniero N2 Quito y Manta;Quito;GRUPO FRACTALIA;Hace 29 días;Permanente;Tiempo completo
Técnico de soporte y proyectos Bilinge;Quito;Computadores y equipos;Hace 29 días;Permanente;Tiempo completo
Ingeniero de Desarrollo Junior 1 a 3 años de experiencia;Quito;ACL ACADEMIA DE COMPETENCIAS LABORALES;Hace 29 días;Permanente;Tiempo completo
Analista programador junior;Quito;Grant Thornton;Hace 29 días;Permanente;Tiempo completo
Ingeniero Preventa Comercial;Quito;Tecnoplus Cia Ltda,;Hace 29 días;Permanente;Tiempo completo
Ingeniero de Desarrollo Senior Junior;Quito;ACL ACADEMIA DE COMPETENCIAS LABORALES;Hace 29 días;Permanente;Tiempo completo
Asistente de Auditoria Financiera con 3 años de experiencia, trabajo de medio tiempo Leer bien antes de aplicar;Quito;Marco Maldonado;Hace 29 días;Permanente;Tiempo parcial
Asistente de Auditoria Financiera experiencia, trabajo de medio tiempo Leer bien antes de aplicar;Quito;Marco Maldonado;Hace 29 días;Permanente;Tiempo parcial
Business analyst Analista Funcional;Quito;Oktana;Hace 29 días;Permanente;Tiempo completo
Técnico de Soporte 247 Cuenca;Cuenca;Cooperativa Jep;Hace 29 días;Permanente;Tiempo completo
Ejecutivos comerciales con experiencia en visita de clientes;Quito;People Mkt agencia;Hace 29 días;Permanente;Tiempo completo
Asesor Comercial ventas informáticas;Quito;Tecnoplus Cia Ltda,;Hace 29 días;Permanente;Tiempo completo
Programador PHP Facturacion Electronica;Quito;Universitas;Hace 29 días;Permanente;Tiempo completo
Supervisor de Operaciones Clientes Corporativos Resida en el Valle de los Chillos;Rumiñahui;GEDATECU SA;Hace 29 días;Permanente;Tiempo completo
Técnico en laptops y Iphone. Jóven mujer u hombre Trabajo de solo fin de semana;Quito;Corporacion Kaizen S.A.;Hace 29 días;Permanente;Tiempo completo
Quality assurance engineer Ingeniero de Calidad de Software;Quito;Oktana;Hace 29 días;Permanente;Tiempo completo
Ingeniero Soporte Técnico Exp. 1 año;Quito;GRUPO FRACTALIA;Hace 29 días;Permanente;Tiempo completo
Analista programadora java;Quito;ECUADORDOMAIN S.A.;Hace 29 días;Permanente;Tiempo completo
Programador;Guayaquil;FUNCRISA FUNDACION CRISTIANA PARA LA SALUD;Hace 29 días;Permanente;Tiempo completo
Técnico de Servidores Cuenca;Cuenca;Cooperativa Jep;Hace 29 días;Permanente;Tiempo completo
Asistente administración;Quito;Cetec;Hace 29 días;Permanente;Tiempo completo
Web Developer Jr. Desarrollador web para Manta;Manta;Agencia Publitek;Hace 5 días;Permanente;Tiempo completo
FRONT AND BACKEND DEVELOPER;Quito;Banco Pichincha;Hace 6 días;Permanente;Tiempo completo
Senior developer software projects oriented to worldwide markets;Guayaquil;OttComputer;Hace 7 días;Permanente;Tiempo completo
BACKEND DEVELOPER .NET - .NETCORE;Quito;Banco Pichincha;Hace 27 días;Permanente;Tiempo completo
DEVELOPER JUNIOR (Python - Cualquier cuidad del Ecuador);Quito;TRESCLOUD CIA LTDA;Hace 10 días;Autónomo;Tiempo completo
BACKEND DEVELOPER .NET - .NETCORE;Ecuador;Banco Pichincha;Hace 28 días;Permanente;Tiempo completo
FRONT & BACKEND DEVELOPER;Quito;Banco Pichincha;Hace 1 mes;Permanente;Tiempo completo
FRONT & BACKEND DEVELOPER;Ecuador;Banco Pichincha;Hace 1 mes;Permanente;Tiempo completo
RPA UIPATH ANALYST / DEVELOPER;Quito;Kruger Corporation;Hace 2 meses;Permanente;Tiempo completo
Frontend Developer - Vuejs;Mocha;Alegra;Hace 2 meses;Permanente;Tiempo completo
REACT DEVELOPER FRONT END - BILINGUE;Quito;Kruger Corporation;Hace 2 meses;Permanente;Tiempo completo
JAVA DEVELOPER;Quito;Kruger Corporation;Hace 2 meses;Permanente;Tiempo completo
Backend Middle Developer;Ambato;LaKatuna;Hace 2 meses;Permanente;Tiempo completo
Cloud Senior Developer;Quito;Stratus Solutions, S.A;Hace 16 días;Permanente;Tiempo completo
React Native Developer;Quito;Stratus Solutions, S.A;Hace 16 días;Permanente;Tiempo completo
Channel Developer Desarrolladora de Canales Comerciales;Quito;GOLDEN COMUNICACIONES CIA. LTDA.;Hace 29 días;600-1.200 USD al mes;Permanente
Full stack developer;Quito;InSoft;Hace 29 días;1.200-1.600 USD al mes;Permanente
Java developer Desarrollador Java;Quito;Oktana;Hace 27 días;Permanente;Tiempo completo
Senior Java Developer - REMOTE;Quito;Plusheadhunters Consulting and Training;"Hace 9 días
        Postúlese fácilmente";Permanente;Tiempo completo
Senior Full-Stack Developer (all genders);Mocha;Baqend GmbH;Hace 8 días;Permanente;Tiempo completo
Senior Backend Developer (f/m/d);Mocha;Keleya Digital-Health Solutions GmbH;Hace 10 días;Permanente;Tiempo completo
Full Stack Developer - Ecuador;Ecuador;1840 & Company;"Hace 15 días
        Postúlese fácilmente";Permanente;Tiempo completo
Backend Developer;Quito;LumiQualis;"Hace 2 meses
        Postúlese fácilmente";Permanente;Tiempo completo
Junior/Semi-Senior Java Developer;Ecuador;Devsu;"Hace 1 mes
        Postúlese fácilmente";Permanente;Tiempo completo
Senior .NET Developer;Ecuador;Devsu;"Hace 2 meses
        Postúlese fácilmente";24.000-54.000 USD al año;Permanente
Java Developer (Spring);Ecuador;Devsu;"Hace 1 mes
        Postúlese fácilmente";Permanente;Tiempo completo
Web Developer;Mocha;Avalon Corp;"Hace 1 mes
        Postúlese fácilmente";Permanente;Tiempo completo
Senior FullStack [.Net React] Developer - (NRE);Ecuador;IT Scout;Hace 23 días;Permanente;Tiempo completo
Android Developer;Ecuador;Multitrabajos Staffing;Hace 2 meses;Permanente;Tiempo completo
React Native Developer Shockoe;Ecuador;Multitrabajos Staffing;Hace 2 meses;Permanente;Tiempo completo
Full Stack Web Developer Shockoe;Ecuador;Multitrabajos Staffing;Hace 2 meses;Permanente;Tiempo completo
Remote Mobile Developer;Quito;Scopic;Hace 21 días;Permanente;Tiempo completo
Remote C++/Math/Algorithm Developer;Quito;Scopic;Hace 28 días;Permanente;Tiempo completo
Backend Java - Microservicios;Quito;EVERIS PERU S.A.C.;Hace 3 días;Permanente;Tiempo completo
Consultor/ Desarrollador Oracle;Guayaquil;SOAINT;Hace 10 días;Permanente;Tiempo completo
Administrador de Aplicaciones AD;Ecuador;Corporacion GPF - Grupo Fybeca;Hace 4 días;Permanente;Tiempo completo
Channel Account Executive Sr. - Quito;Ecuador;Kimberly-Clark;Hace 17 días;Permanente;Tiempo completo
Diseñador gráfico WEB;Guayaquil;"";Hace 8 días;Permanente;Tiempo completo
MICROSTRATEGY Sr;Quito;Cibernos Consulting;Hace 9 días;Permanente;Tiempo completo
Administrador de Aplicaciones AD;Ecuador;Corporacion GPF (Grupo Fybeca);Hace 22 días;Permanente;Tiempo completo
Administrador de Aplicaciones AD;Ecuador;Corporación GPF;Hace 22 días;Permanente;Tiempo completo
Desarrollador de Sofware Quito Presencial;Quito;Easysoft S. A.;Hace 16 días;Permanente;Tiempo completo
QA engineer;Quito;Easysoft S. A.;Hace 22 días;Permanente;Tiempo completo
Desarrollador de software Quito Presencial;Quito;Easysoft S. A.;Hace 22 días;Permanente;Tiempo completo
Desarrollador Full Stack Spring Boot;Guayaquil;Eclipsoft;Hace 28 días;Permanente;Tiempo completo
Desarrollador Oracle Apex con experiencia;Quito;Universidad Metropolitana;Hace 29 días;Permanente;Tiempo completo
Desarrollador de Sofware Quito Presencial;Quito;Easysoft S. A.;Hace 29 días;Permanente;Tiempo completo
Analista programador junior;Quito;Grant Thornton;Hace 29 días;Permanente;Tiempo completo
Desarrollador Web .Net;Quito;Stratus Solutions, S.A;Hace 29 días;Permanente;Tiempo completo
Analista y desarrollador de software Guayaquil Presencial;Guayaquil;Easysoft S. A.;Hace 29 días;Permanente;Tiempo completo
Programador PHP Facturacion Electronica;Quito;Universitas;Hace 29 días;Permanente;Tiempo completo
Analista programadora java;Quito;ECUADORDOMAIN S.A.;Hace 29 días;Permanente;Tiempo completo
Desarrollador Senior Java;Guayaquil;GENERACOM S.A.;Hace 29 días;Permanente;Tiempo completo
Desarrollador de software guayaquil Conocimientos contables;Guayaquil;Digeca S.A.;Hace 29 días;Permanente;Tiempo completo
Programador;Guayaquil;FUNCRISA FUNDACION CRISTIANA PARA LA SALUD;Hace 29 días;Permanente;Tiempo completo
Analista programador Experiencia Odoo Aplicaciones con Flutter;Quito;Protelcotelsa S.A.;Hace 29 días;Permanente;Tiempo completo
QA engineer;Quito;Easysoft S. A.;Hace 30 días;Permanente;Tiempo completo
Desarrollador de Sofware Guayaquil Presencial;Guayaquil;Easysoft S. A.;Hace 30 días;Permanente;Tiempo completo
Analista y desarrollador de software Quito Presencial;Quito;Easysoft S. A.;Hace 30 días;Permanente;Tiempo completo
Desarrollador programador Junior;Cuenca;We Connect;Hace 30 días;Permanente;Tiempo completo
