titulo;empresa;categoria;provincia;salario;tipo;dias
React.js Developer;Talent500 INC;IT;Guayaquil;negotiable / month;Full-Time;2022-08-25
Flutter Developer;Globant;IT;Guayaquil;negotiable / month;Full-Time;2022-08-29
React.js Developer;FullStack Labs;IT;otros;negotiable / month;Full-Time;2022-08-29
Python Developer;Globant;IT;Guayaquil;negotiable / month;Full-Time;2022-08-26
Python Developer;FullStack Labs;IT;Quito;negotiable / month;Full-Time;2022-08-29
Golang Developer;FullStack Labs;IT;Guayaquil;negotiable / month;Full-Time;2022-08-26
Python Developer;FullStack Labs;IT;otros;negotiable / month;Full-Time;2022-08-25
Android Developer;Talent500 INC;IT;Guayaquil;negotiable / month;Full-Time;2022-08-29
Magento Developer;FullStack Labs;IT;otros;negotiable / month;Full-Time;2022-08-29
React.js Developer;FullStack Labs;IT;Quito;negotiable / month;Full-Time;2022-08-29
Ruby Developer;Globant;IT;Guayaquil;negotiable / month;Full-Time;2022-08-25
Node.js Developer;FullStack Labs;IT;Guayaquil;negotiable / month;Full-Time;2022-08-29
Golang Developer;FullStack Labs;IT;Quito;negotiable / month;Full-Time;2022-08-29
PHP Developer;Globant;IT;Guayaquil;negotiable / month;Full-Time;2022-08-29
Go Developer;Globant;IT;Guayaquil;negotiable / month;Full-Time;2022-08-29
Salesforce Developer;Globant;"";Guayaquil;negotiable / month;Full-Time;2022-08-27
React.js Developer;FullStack Labs;IT;Guayaquil;negotiable / month;Full-Time;2022-08-25
React.js Developer;Talent500 INC;IT;otros;negotiable / month;Full-Time;2022-08-29
Typescript Developer;FullStack Labs;IT;otros;negotiable / month;Full-Time;2022-08-26
NodeJS Developer;Globant;IT;Guayaquil;negotiable / month;Full-Time;2022-08-29
Elixir Developer;FullStack Labs;IT;Quito;negotiable / month;Full-Time;2022-08-27
Java Developer;FullStack Labs;IT;Guayaquil;negotiable / month;Full-Time;2022-08-29
Android Developer;Talent500 INC;IT;otros;negotiable / month;Full-Time;2022-08-27
Node.js Developer;FullStack Labs;IT;otros;negotiable / month;Full-Time;2022-08-29
Golang Developer;FullStack Labs;IT;otros;negotiable / month;Full-Time;2022-08-27
Java Developer;Globant;IT;Guayaquil;negotiable / month;Full-Time;2022-08-29
Mobile Developer;Virtual Team Tech;IT;otros;negotiable / month;Full-Time;2022-08-29
Python Developer;FullStack Labs;IT;Guayaquil;negotiable / month;Full-Time;2022-08-27
IOS Developer;FullStack Labs;IT;Quito;negotiable / month;Full-Time;2022-08-27
Shopify Developer;FullStack Labs;IT;otros;negotiable / month;Full-Time;2022-08-27
Node.js Developer;FullStack Labs;IT;Quito;negotiable / month;Full-Time;2022-08-26
.Net Developer;Globant;IT;Guayaquil;negotiable / month;Full-Time;2022-08-25
Java Developer;FullStack Labs;IT;otros;negotiable / month;Full-Time;2022-08-27
Java Developer;FullStack Labs;IT;Quito;negotiable / month;Full-Time;2022-08-26
Work From Home Drupal Developer Ref. 0072E;BairesDev SA;IT;Guayaquil;negotiable / month;Full-Time;2022-08-25
Senior developer software projects oriented to worldwide markets.;OttComputer;IT;Guayaquil;negotiable / month;Full-Time;2022-08-26
Work From Home UXUI Developer Ref. 0066E;BairesDev SA;IT;Guayaquil;negotiable / month;Full-Time;2022-08-29
Work From Home React Developer Ref. 0169E;BairesDev SA;IT;Quito;negotiable / month;Full-Time;2022-08-27
Work From Home React Developer Ref. 0169E;BairesDev SA;IT;Guayaquil;negotiable / month;Full-Time;2022-08-25
Work From Home Python Developer Ref. 0071E;BairesDev SA;IT;Guayaquil;negotiable / month;Full-Time;2022-08-29
JuniorMidLevel Node Developer Remote Work Ref. 0111E;BairesDev SA;IT;Guayaquil;negotiable / month;Full-Time;2022-08-26
Work From Home Python Developer Ref. 0071E;BairesDev SA;IT;Quito;negotiable / month;Full-Time;2022-08-27
JuniorMidLevel Node Developer Remote Work Ref. 0111E;BairesDev SA;IT;Quito;negotiable / month;Full-Time;2022-08-29
Work From Home JuniorMidLevel Java Developer Ref. 0003E;BairesDev SA;IT;Quito;negotiable / month;Full-Time;2022-08-29
Work From Home .NET Developer Ref. 0001E;BairesDev SA;IT;Quito;negotiable / month;Full-Time;2022-08-27
Work From Home .NET Developer Ref. 0001E;BairesDev SA;IT;Guayaquil;negotiable / month;Full-Time;2022-08-29
Work From Home JuniorMidLevel Java Developer Ref. 0003E;BairesDev SA;IT;Guayaquil;negotiable / month;Full-Time;2022-08-29
Work From Home C Developer Ref. 0043E;BairesDev SA;IT;Guayaquil;negotiable / month;Full-Time;2022-08-29
Work From Home Node Developer Ref. 0111E;BairesDev SA;IT;Guayaquil;negotiable / month;Full-Time;2022-08-29
Node Backend Developer Remote Work Ref. 0111E;BairesDev SA;IT;Guayaquil;negotiable / month;Full-Time;2022-08-29
Node Backend Developer Remote Work Ref. 0111E;BairesDev SA;IT;Quito;negotiable / month;Full-Time;2022-08-27
Work From Home Node Developer Ref. 0111E;BairesDev SA;IT;Quito;negotiable / month;Full-Time;2022-08-29
Work From Home Java Backend Developer Ref. 0003E;BairesDev SA;IT;Quito;negotiable / month;Full-Time;2022-08-29
Work From Home JuniorMidLevel React Developer Ref. 0169E;BairesDev SA;IT;Quito;negotiable / month;Full-Time;2022-08-29
Work From Home Mobile NativeScript Developer Senior Ref. 0446E;BairesDev SA;IT;Guayaquil;negotiable / month;Full-Time;2022-08-29
Work From Home React Frontend Developer Ref. 0169E;BairesDev SA;IT;Guayaquil;negotiable / month;Full-Time;2022-08-26
Work From Home Java Developer Ref. 0003E;BairesDev SA;IT;Quito;negotiable / month;Full-Time;2022-08-29
Work From Home React Frontend Developer Ref. 0169E;BairesDev SA;IT;Quito;negotiable / month;Full-Time;2022-08-29
Work From Home JuniorMidLevel React Developer Ref. 0169E;BairesDev SA;IT;Guayaquil;negotiable / month;Full-Time;2022-08-29
Work From Home Java Developer Ref. 0003E;BairesDev SA;IT;Guayaquil;negotiable / month;Full-Time;2022-08-29
Work From Home Java Backend Developer Ref. 0003E;BairesDev SA;IT;Guayaquil;negotiable / month;Full-Time;2022-08-29
Asistente Tecnología (E);MAPFRE;Administration;Guayaquil;negotiable / month;Full-Time;2022-08-29
React Native Developer;FullStack Labs;IT;otros;negotiable / month;Full-Time;2022-08-26
Mid Scala Developer;SCALAC;IT;otros;negotiable / month;Full-Time;2022-08-29
Java Backend Developer;Talent500 INC;IT;otros;negotiable / month;Full-Time;2022-08-26
Mid Scala Developer;Snaphunt;IT;otros;negotiable / month;Full-Time;2022-08-25
Senior Scala Developer;SCALAC;IT;otros;negotiable / month;Full-Time;2022-08-29
Python Backend Developer;Talent500 INC;IT;otros;negotiable / month;Full-Time;2022-08-26
Frontend Developer - Angular.js;Talent500 INC;IT;otros;negotiable / month;Full-Time;2022-08-27
Senior Scala Developer;Snaphunt;IT;otros;negotiable / month;Full-Time;2022-08-26
Salesforce / APEX Developer;FullStack Labs;"";otros;negotiable / month;Full-Time;2022-08-29
PHP Backend Developer;Talent500 INC;IT;otros;negotiable / month;Full-Time;2022-08-29
Software Developer - FreePBX;Sangoma;"";Guayaquil;negotiable / month;Full-Time;2022-08-29
AEM Backend Developer;Globant;IT;Guayaquil;negotiable / month;Full-Time;2022-08-29
IOS Mobile Developer;Globant;IT;Guayaquil;negotiable / month;Full-Time;2022-08-29
Remote Mobile Developer;Scopic;IT;Quito;negotiable / month;Full-Time;2022-08-29
Software Developer - FreePBX;Sangoma;IT;Guayaquil;negotiable / month;Full-Time;2022-08-29
Salesforce / APEX Developer;FullStack Labs;"";Quito;negotiable / month;Full-Time;2022-08-29
Frontend Developer - Angular.js;Talent500 INC;IT;Guayaquil;negotiable / month;Full-Time;2022-08-27
Business Developer (Ecuador);TCIT;"";Quito;negotiable / month;Full-Time;2022-08-29
Cloud Senior Developer;Stratus Solutions, S.A;IT;Quito;negotiable / month;Full-Time;2022-08-29
Web UI Developer;Globant;IT;Guayaquil;negotiable / month;Full-Time;2022-08-25
Python Backend Developer;Talent500 INC;IT;Guayaquil;negotiable / month;Full-Time;2022-08-29
React Native Developer;FullStack Labs;IT;Guayaquil;negotiable / month;Full-Time;2022-08-29
AEM Frontend Developer;Globant;IT;Guayaquil;negotiable / month;Full-Time;2022-08-25
Software Developer - FreePBX;Sangoma;IT;Guayaquil;negotiable / month;Full-Time;2022-08-27
React Native Developer;FullStack Labs;IT;Quito;negotiable / month;Full-Time;2022-08-25
PHP Backend Developer;Talent500 INC;IT;Guayaquil;negotiable / month;Full-Time;2022-08-29
Web Developer Senior;Grupo Céntrico;IT;Quito;negotiable / month;Full-Time;2022-08-29
Android Mobile Developer;Globant;IT;Guayaquil;negotiable / month;Full-Time;2022-08-26
Java Backend Developer;Talent500 INC;IT;Guayaquil;negotiable / month;Full-Time;2022-08-27
React Native Developer;Stratus Solutions, S.A;IT;Quito;negotiable / month;Full-Time;2022-08-29
Desarrollador Full Stack Spring Boot;Eclipsoft;IT;Guayaquil;negotiable / month;Full-Time;2022-08-29
Work From Home Kafka Developer Ref. 0297E;BairesDev SA;IT;Guayaquil;negotiable / month;Full-Time;2022-08-29
Full Stack Java/JavaScript developer;Virtual Team Tech;IT;otros;negotiable / month;Full-Time;2022-08-26
Java developer Desarrollador Java;Oktana;IT;Quito;negotiable / month;Full-Time;2022-08-25
Senior React/NestJS Developer - Remote;PrideLogic;IT;otros;negotiable / month;Full-Time;2022-08-29
Senior CakePHP/PHP Developer - Remote;Snaphunt;IT;otros;negotiable / month;Full-Time;2022-08-29
Fullstack Developer - Node.js & React.js;Talent500 INC;IT;otros;negotiable / month;Full-Time;2022-08-29
Remote Sr, AX Developer;UA Brands;IT;Pichincha;negotiable / month;Full-Time;2022-08-25
Senior React/NestJS Developer - Remote;Snaphunt;IT;otros;negotiable / month;Full-Time;2022-08-25
Remote C++/Math/Algorithm Developer;Scopic;IT;Quito;negotiable / month;Full-Time;2022-08-29
Ruby on Rails Developer;FullStack Labs;IT;otros;negotiable / month;Full-Time;2022-08-25
Team Lead React.js Developer;FullStack Labs;IT;otros;negotiable / month;Full-Time;2022-08-26
Fullstack Developer - Java & React.js;Talent500 INC;IT;otros;negotiable / month;Full-Time;2022-08-29
Senior CakePHP/PHP Developer (Remote);PrideLogic;IT;otros;negotiable / month;Full-Time;2022-08-29
Work From Home NetSuite ERP Developer Ref. 0127E;BairesDev SA;IT;Guayaquil;negotiable / month;Full-Time;2022-08-29
Web Developer Jr. Desarrollador web para Manta;Agencia Publitek;IT;Manta;negotiable / month;Full-Time;2022-08-29
Ruby on Rails Developer;FullStack Labs;IT;Guayaquil;negotiable / month;Full-Time;2022-08-26
Team Lead React.js Developer;FullStack Labs;IT;Quito;negotiable / month;Full-Time;2022-08-29
Ruby on Rails Developer;FullStack Labs;IT;Quito;negotiable / month;Full-Time;2022-08-29
Fullstack Developer - Java & React.js;Talent500 INC;IT;Guayaquil;negotiable / month;Full-Time;2022-08-29
Fullstack Developer - Node.js & React.js;Talent500 INC;IT;Guayaquil;negotiable / month;Full-Time;2022-08-25
Team Lead React.js Developer;FullStack Labs;IT;Guayaquil;negotiable / month;Full-Time;2022-08-26
Automation Developer - Latin America;HUBTEK;IT;Guayaquil;negotiable / month;Full-Time;2022-08-26
Senior Salesforce Engineer;Verndale;Engineering;otros;negotiable / month;Full-Time;2022-08-29
Senior Salesforce Engineer;Verndale;"";Ecuador;negotiable / month;Full-Time;2022-08-25
Salesforce Engineer;Verndale;"";Ecuador;negotiable / month;Full-Time;2022-08-25
Work From Home ETL Developer Ref. 0339E;BairesDev SA;IT;Guayaquil;negotiable / month;Full-Time;2022-08-27
Work From Home Junior Python Backend Developer Research Development Ref. 0071E RD;BairesDev SA;IT;Quito;negotiable / month;Full-Time;2022-08-26
Work From Home Junior Python Backend Developer Research Development Ref. 0071E RD;BairesDev SA;IT;Guayaquil;negotiable / month;Full-Time;2022-08-29
Salesforce Engineer;Verndale;Engineering;otros;negotiable / month;Full-Time;2022-08-29
Senior/Lead React.JS Developer - Relocation to the Netherlands;EPAM Systems, Inc.;"";"";negotiable / month;Full-Time;2022-08-29
Work From Home JuniorMidLevel .NET Developer R D Ref. 0001E RD;BairesDev SA;IT;Guayaquil;negotiable / month;Full-Time;2022-08-27
Work From Home JuniorMidLevel .NET Developer R D Ref. 0001E RD;BairesDev SA;IT;Quito;negotiable / month;Full-Time;2022-08-29
Work From Home Vue.js Developer Ref. 0255E;BairesDev SA;IT;Guayaquil;negotiable / month;Full-Time;2022-08-29
Work From Home Vue.js Developer Ref. 0255E;BairesDev SA;IT;Quito;negotiable / month;Full-Time;2022-08-25
DEVELOPER JUNIOR (Python - Cualquier cuidad del Ecuador);TRESCLOUD CIA LTDA;IT;Quito;negotiable / month;Full-Time;2022-08-25
Senior/Lead React.JS Developer - Relocation to the Netherlands;Epam;IT;otros;negotiable / month;Full-Time;2022-08-25
Channel Developer Desarrolladora de Canales Comerciales;GOLDEN COMUNICACIONES CIA. LTDA.;IT;Quito;negotiable / month;Full-Time;2022-08-26
Senior/Lead Java Developer with Cloud – Relocation to the Netherlands;EPAM Systems, Inc.;"";"";negotiable / month;Full-Time;2022-08-27
Senior/Lead Java Developer with Cloud – Relocation to the Netherlands;Epam;IT;otros;negotiable / month;Full-Time;2022-08-29
Data Architect;Globant;"";Guayaquil;negotiable / month;Full-Time;2022-08-27
Desarrollador full stack Java;Spanish Solutions;IT;Quito;negotiable / month;Full-Time;2022-08-29
Database Administrator Remote;UA Brands;Customer Service;Pichincha;negotiable / month;Full-Time;2022-08-26
Salesforce Integration Engineer;Verndale;Engineering;Pichincha;negotiable / month;Full-Time;2022-08-29
Salesforce Integration Engineer;Verndale;"";Ecuador;negotiable / month;Full-Time;2022-08-29
Channel Account Executive Sr. - Quito;Kimberly-Clark;Sales;otros;negotiable / month;Full-Time;2022-08-29
Work From Home Talent Search Specialist Trainee Ref. 0196E;BairesDev SA;Customer Service;Quito;negotiable / month;Full-Time;2022-08-29
Work From Home Talent Search Specialist Trainee Ref. 0196E;BairesDev SA;Customer Service;Guayaquil;negotiable / month;Full-Time;2022-08-26
Work From Home Drupal Tech Lead Ref. 0072E;BairesDev SA;Customer Service;Quito;negotiable / month;Full-Time;2022-08-29
Work From Home Angular Architect Ref. 0615E;BairesDev SA;Customer Service;Guayaquil;negotiable / month;Full-Time;2022-08-29
Work From Home Drupal Architect Ref. 0072E;BairesDev SA;Customer Service;Guayaquil;negotiable / month;Full-Time;2022-08-26
Senior Software Engineer;Sangoma;IT;Guayaquil;negotiable / month;Full-Time;2022-08-29
Work From Home Big Data Senior Ref. 0099E;BairesDev SA;IT;Guayaquil;negotiable / month;Full-Time;2022-08-29
Senior Software Engineer;Sangoma;IT;Guayaquil;negotiable / month;Full-Time;2022-08-27
Work From Home Big Data Senior Ref. 0099E;BairesDev SA;IT;Quito;negotiable / month;Full-Time;2022-08-27
Senior Software Engineer;Sangoma;"";Guayaquil;negotiable / month;Full-Time;2022-08-29
Work From Home WebRTC Tech Lead Ref. 0838E;BairesDev SA;Customer Service;Guayaquil;negotiable / month;Full-Time;2022-08-26
Work From Home Product Owner Ref. 0140E;BairesDev SA;Customer Service;Guayaquil;negotiable / month;Full-Time;2022-08-26
